feature,importance
wealth_level,0.2027185325025321
mental_resilience,0.12513079920669024
years_of_service,0.12235306431879246
temptation_level,0.10476251956388276
stress_levels,0.08431414211989126
respect_from_peers,0.08037159438836994
reputation,0.07989872279147137
promise_of_wealth,0.073459507337449
influence_of_others,0.057412167680533616
rank_Private,0.03092752352335824
rank_Lieutenant,0.01509868861704789
rank_Corporal,0.013110936468901485
rank_Sergeant,0.010441801481079807
